<?xml version="1.0" encoding="UTF-8"?>
<project-private xmlns="http://www.netbeans.org/ns/project-private/1">
    <editor-bookmarks xmlns="http://www.netbeans.org/ns/editor-bookmarks/2" lastBookmarkId="0"/>
    <open-files xmlns="http://www.netbeans.org/ns/projectui-open-files/2">
        <group>
            <file>file:/C:/Users/hieu9/OneDrive/Desktop/0057UserManager/00577/src/Model/User.java</file>
            <file>file:/C:/Users/hieu9/OneDrive/Desktop/0057UserManager/00577/src/Common/UserManageFunction.java</file>
            <file>file:/C:/Users/hieu9/OneDrive/Desktop/0057UserManager/00577/src/Data/user.dat</file>
            <file>file:/C:/Users/hieu9/OneDrive/Desktop/0057UserManager/00577/src/Common/Validation.java</file>
            <file>file:/C:/Users/hieu9/OneDrive/Desktop/0057UserManager/00577/src/Common/InputLibrary.java</file>
            <file>file:/C:/Users/hieu9/OneDrive/Desktop/0057UserManager/00577/src/Common/DataFunctions.java</file>
            <file>file:/C:/Users/hieu9/OneDrive/Desktop/0057UserManager/00577/src/Controller/ManagementService.java</file>
        </group>
    </open-files>
</project-private>
